class,average_iou
blue_brick,0.5094819160902285
green_brick,0.7563341759141149
light_blue_brick,0.7369513960625382
light_green_brick,0.7099222517694235
orange_brick,0.618523007409358
pink_brick,0.7559521509392851
red_brick,0.5401512386966638
yellow_brick,0.7608923294857723
